Year,Month,Date,Hdd,Gas (kWh)
2023,Jan,01/01/2023,10.2,46545.0
2024,Jan,01/01/2024,7.8,47293.0
2025,Jan,01/01/2025,10.3,49316.0
2023,Jan,02/01/2023,10.6,47583.0
2024,Jan,02/01/2024,6.7,47108.0
2025,Jan,02/01/2025,13.6,63949.0
2023,Jan,03/01/2023,4.7,32504.0
2024,Jan,03/01/2024,9.1,52866.0
2025,Jan,03/01/2025,14.7,69739.0
2023,Jan,04/01/2023,5.3,34764.0
2024,Jan,04/01/2024,10.8,58665.0
2025,Jan,04/01/2025,13.2,60706.0
2023,Jan,05/01/2023,6.4,40320.0
2024,Jan,05/01/2024,10.3,56452.0
2025,Jan,05/01/2025,14.6,61563.0
2023,Jan,06/01/2023,7.5,39538.0
2024,Jan,06/01/2024,11.1,57657.0
2025,Jan,06/01/2025,14.2,66664.0
2023,Jan,07/01/2023,8.9,45021.0
2024,Jan,07/01/2024,12.5,60769.0
2025,Jan,07/01/2025,14.1,69316.0
2023,Jan,08/01/2023,10.9,50408.0
2024,Jan,08/01/2024,12.6,63808.0
2025,Jan,08/01/2025,15.4,68887.0
2023,Jan,09/01/2023,10.6,51756.0
2024,Jan,09/01/2024,13.8,68584.0
2025,Jan,09/01/2025,15.5,73102.0
2023,Jan,10/01/2023,6.3,40312.0
2024,Jan,10/01/2024,13.6,63770.0
2025,Jan,10/01/2025,9.9,53133.0
2023,Jan,11/01/2023,7.6,41747.0
2024,Jan,11/01/2024,11.0,59204.0
2025,Jan,11/01/2025,8.6,50489.0
2023,Jan,12/01/2023,7.6,48196.0
2024,Jan,12/01/2024,12.0,61588.0
2025,Jan,12/01/2025,6.9,40783.0
2023,Jan,13/01/2023,8.3,42929.0
2024,Jan,13/01/2024,12.9,61095.0
2025,Jan,13/01/2025,5.3,38285.0
2023,Jan,14/01/2023,10.4,52487.0
2024,Jan,14/01/2024,12.3,60881.0
2025,Jan,14/01/2025,5.4,39485.0
2023,Jan,15/01/2023,11.8,53228.0
2024,Jan,15/01/2024,15.0,69358.0
2025,Jan,15/01/2025,7.1,43605.0
2023,Jan,16/01/2023,13.9,63368.0
2024,Jan,16/01/2024,15.8,72923.0
2025,Jan,16/01/2025,6.4,46991.0
2023,Jan,17/01/2023,15.6,65829.0
2024,Jan,17/01/2024,15.8,70283.0
2025,Jan,17/01/2025,6.6,46787.0
2023,Jan,18/01/2023,13.5,63543.0
2024,Jan,18/01/2024,15.4,67101.0
2025,Jan,18/01/2025,6.4,40911.0
2023,Jan,19/01/2023,13.2,62294.0
2024,Jan,19/01/2024,12.6,55461.0
2025,Jan,19/01/2025,6.6,39530.0
2023,Jan,20/01/2023,10.4,49719.0
2024,Jan,20/01/2024,7.6,44263.0
2025,Jan,20/01/2025,7.1,42410.0
2023,Jan,21/01/2023,6.9,38091.0
2024,Jan,21/01/2024,6.0,42864.0
2025,Jan,21/01/2025,8.9,50646.0
2023,Jan,22/01/2023,6.5,36187.0
2024,Jan,22/01/2024,8.9,52154.0
2025,Jan,22/01/2025,10.6,52867.0
2023,Jan,23/01/2023,8.5,45093.0
2024,Jan,23/01/2024,5.1,47194.0
2025,Jan,23/01/2025,9.1,48433.0
2023,Jan,24/01/2023,7.8,37406.0
2024,Jan,24/01/2024,7.2,48279.0
2025,Jan,24/01/2025,10.4,62532.0
2023,Jan,25/01/2023,8.0,52947.0
2024,Jan,25/01/2024,5.0,44826.0
2025,Jan,25/01/2025,14.0,62759.0
2023,Jan,26/01/2023,10.3,58407.0
2024,Jan,26/01/2024,10.1,55419.0
2025,Jan,26/01/2025,9.4,40689.0
2023,Jan,27/01/2023,11.3,60957.0
2024,Jan,27/01/2024,7.1,47077.0
2025,Jan,27/01/2025,8.8,48774.0
2023,Jan,28/01/2023,9.4,48919.0
2024,Jan,28/01/2024,6.5,47190.0
2025,Jan,28/01/2025,8.8,51703.0
2023,Jan,29/01/2023,8.3,46923.0
2024,Jan,29/01/2024,11.9,60786.0
2025,Jan,29/01/2025,11.4,58582.0
2023,Jan,30/01/2023,8.5,48061.0
2024,Jan,30/01/2024,11.0,61609.0
2025,Jan,30/01/2025,10.4,56557.0
2023,Jan,31/01/2023,8.0,51223.0
2024,Jan,31/01/2024,7.4,52368.0
2025,Jan,31/01/2025,9.3,55327.0
2023,Feb,01/02/2023,8.6,48218.0
2024,Feb,01/02/2024,8.7,52700.0
2025,Feb,01/02/2025,7.1,40653.0
2023,Feb,02/02/2023,6.6,41033.0
2024,Feb,02/02/2024,4.6,40785.0
2025,Feb,02/02/2025,8.3,47776.0
2023,Feb,03/02/2023,6.9,41277.0
2024,Feb,03/02/2024,4.2,38563.0
2025,Feb,03/02/2025,6.1,38471.0
2023,Feb,04/02/2023,7.5,46355.0
2024,Feb,04/02/2024,4.8,41024.0
2025,Feb,04/02/2025,8.5,52414.0
2023,Feb,05/02/2023,10.1,50037.0
2024,Feb,05/02/2024,5.4,41826.0
2025,Feb,05/02/2025,10.5,60886.0
2023,Feb,06/02/2023,7.9,45074.0
2024,Feb,06/02/2024,6.4,46092.0
2025,Feb,06/02/2025,10.3,58177.0
2023,Feb,07/02/2023,9.2,51562.0
2024,Feb,07/02/2024,10.5,64729.0
2025,Feb,07/02/2025,11.7,61506.0
2023,Feb,08/02/2023,9.3,49936.0
2024,Feb,08/02/2024,7.1,53253.0
2025,Feb,08/02/2025,12.5,59074.0
2023,Feb,09/02/2023,11.3,55001.0
2024,Feb,09/02/2024,7.5,47260.0
2025,Feb,09/02/2025,10.8,51645.0
2023,Feb,10/02/2023,8.0,42228.0
2024,Feb,10/02/2024,8.1,47480.0
2025,Feb,10/02/2025,10.9,58015.0
2023,Feb,11/02/2023,7.5,42304.0
2024,Feb,11/02/2024,10.2,61459.0
2025,Feb,11/02/2025,11.5,58048.0
2023,Feb,12/02/2023,7.4,42995.0
2024,Feb,12/02/2024,11.1,58388.0
2025,Feb,12/02/2025,10.1,58456.0
2023,Feb,13/02/2023,7.2,40550.0
2024,Feb,13/02/2024,7.1,46220.0
2025,Feb,13/02/2025,9.5,54224.0
2023,Feb,14/02/2023,5.6,36740.0
2024,Feb,14/02/2024,4.5,37788.0
2025,Feb,14/02/2025,6.9,42196.0
2023,Feb,15/02/2023,7.3,40095.0
2024,Feb,15/02/2024,5.3,39980.0
2025,Feb,15/02/2025,6.6,41339.0
2023,Feb,16/02/2023,4.9,35045.0
2024,Feb,16/02/2024,6.0,39239.0
2025,Feb,16/02/2025,7.8,46559.0
2023,Feb,17/02/2023,4.3,34530.0
2024,Feb,17/02/2024,4.9,36387.0
2025,Feb,17/02/2025,7.4,44465.0
2023,Feb,18/02/2023,5.1,36670.0
2024,Feb,18/02/2024,4.7,35918.0
2025,Feb,18/02/2025,6.6,43618.0
2023,Feb,19/02/2023,7.1,27964.0
2024,Feb,19/02/2024,5.8,39631.0
2025,Feb,19/02/2025,5.7,39284.0
2023,Feb,20/02/2023,6.0,36805.0
2024,Feb,20/02/2024,5.9,39100.0
2025,Feb,20/02/2025,4.3,38407.0
2023,Feb,21/02/2023,7.4,42692.0
2024,Feb,21/02/2024,5.4,38219.0
2025,Feb,21/02/2025,5.2,41120.0
2023,Feb,22/02/2023,11.3,55865.0
2024,Feb,22/02/2024,10.7,54109.0
2025,Feb,22/02/2025,7.1,43556.0
2023,Feb,23/02/2023,10.5,50106.0
2024,Feb,23/02/2024,12.2,57675.0
2025,Feb,23/02/2025,5.4,39162.0
2023,Feb,24/02/2023,8.3,44994.0
2024,Feb,24/02/2024,9.5,49839.0
2025,Feb,24/02/2025,8.6,51034.0
2023,Feb,25/02/2023,10.5,50346.0
2024,Feb,25/02/2024,9.4,48830.0
2025,Feb,25/02/2025,10.2,54007.0
2023,Feb,26/02/2023,10.1,50308.0
2024,Feb,26/02/2024,10.5,58057.0
2025,Feb,26/02/2025,10.4,61556.0
2023,Feb,27/02/2023,10.1,55098.0
2024,Feb,27/02/2024,8.2,52267.0
2025,Feb,27/02/2025,10.0,60224.0
2023,Feb,28/02/2023,9.7,52222.0
2024,Feb,28/02/2024,6.1,42450.0
2025,Feb,28/02/2025,10.3,57993.0
2023,Mar,01/03/2023,9.9,53776.0
2024,Feb,29/02/2024,11.1,56030.0
2025,Mar,01/03/2025,8.0,39958.0
2023,Mar,02/03/2023,9.9,54554.0
2024,Mar,01/03/2024,12.6,58770.0
2025,Mar,02/03/2025,8.8,51035.0
2023,Mar,03/03/2023,10.3,55972.0
2024,Mar,02/03/2024,11.5,58096.0
2025,Mar,03/03/2025,9.4,56643.0
2023,Mar,04/03/2023,11.2,51158.0
2024,Mar,03/03/2024,9.9,52247.0
2025,Mar,04/03/2025,10.3,56402.0
2023,Mar,05/03/2023,11.3,52059.0
2024,Mar,04/03/2024,9.4,51860.0
2025,Mar,05/03/2025,7.7,45638.0
2023,Mar,06/03/2023,9.4,51408.0
2024,Mar,05/03/2024,8.2,47886.0
2025,Mar,06/03/2025,5.9,40250.0
2023,Mar,07/03/2023,12.8,63510.0
2024,Mar,06/03/2024,6.1,40843.0
2025,Mar,07/03/2025,6.5,40752.0
2023,Mar,08/03/2023,14.1,61697.0
2024,Mar,07/03/2024,7.8,48582.0
2025,Mar,08/03/2025,6.2,39786.0
2023,Mar,09/03/2023,10.8,49165.0
2024,Mar,08/03/2024,8.7,54046.0
2025,Mar,09/03/2025,4.1,39719.0
2023,Mar,10/03/2023,13.4,57856.0
2024,Mar,09/03/2024,9.5,51750.0
2025,Mar,10/03/2025,6.3,45398.0
2023,Mar,11/03/2023,7.5,39285.0
2024,Mar,10/03/2024,9.0,49306.0
2025,Mar,11/03/2025,9.3,57810.0
2023,Mar,12/03/2023,6.0,35624.0
2024,Mar,11/03/2024,7.6,48434.0
2025,Mar,12/03/2025,10.5,60708.0
2023,Mar,13/03/2023,6.8,45419.0
2024,Mar,12/03/2024,4.9,41302.0
2025,Mar,13/03/2025,10.8,57377.0
2023,Mar,14/03/2023,10.7,54980.0
2024,Mar,13/03/2024,5.0,41279.0
2025,Mar,14/03/2025,10.2,57391.0
2023,Mar,15/03/2023,7.5,40053.0
2024,Mar,14/03/2024,5.1,39636.0
2025,Mar,15/03/2025,10.4,55654.0
2023,Mar,16/03/2023,5.1,35138.0
2024,Mar,15/03/2024,6.0,46472.0
2025,Mar,16/03/2025,9.4,55554.0
2023,Mar,17/03/2023,5.4,33478.0
2024,Mar,16/03/2024,5.8,39769.0
2025,Mar,17/03/2025,9.3,55540.0
2023,Mar,18/03/2023,7.4,42324.0
2024,Mar,17/03/2024,5.3,41606.0
2025,Mar,18/03/2025,8.8,57847.0
2023,Mar,19/03/2023,8.8,39939.0
2024,Mar,18/03/2024,6.3,41225.0
2025,Mar,19/03/2025,7.7,35475.0
2023,Mar,20/03/2023,5.3,37191.0
2024,Mar,19/03/2024,6.6,45582.0
2025,Mar,20/03/2025,5.9,37452.0
2023,Mar,21/03/2023,6.1,40819.0
2024,Mar,20/03/2024,7.3,51120.0
2025,Mar,21/03/2025,6.0,40354.0
2023,Mar,22/03/2023,8.2,45173.0
2024,Mar,21/03/2024,6.5,45571.0
2025,Mar,22/03/2025,8.4,49172.0
2023,Mar,23/03/2023,7.5,43116.0
2024,Mar,22/03/2024,8.3,56568.0
2025,Mar,23/03/2025,8.3,50270.0
2023,Mar,24/03/2023,7.5,44082.0
2024,Mar,23/03/2024,9.7,57161.0
2025,Mar,24/03/2025,7.4,49602.0
2023,Mar,25/03/2023,7.4,38835.0
2024,Mar,24/03/2024,8.2,47950.0
2025,Mar,25/03/2025,4.5,40361.0
2023,Mar,26/03/2023,6.9,40576.0
2024,Mar,25/03/2024,9.0,55207.0
2025,Mar,26/03/2025,6.8,42761.0
2023,Mar,27/03/2023,7.4,40931.0
2024,Mar,26/03/2024,9.4,55489.0
2025,Mar,27/03/2025,5.8,42608.0
2023,Mar,28/03/2023,5.5,32541.0
2024,Mar,27/03/2024,11.8,61867.0
2025,Mar,28/03/2025,8.5,56238.0
2023,Mar,29/03/2023,4.9,35007.0
2024,Mar,28/03/2024,9.8,54848.0
2025,Mar,29/03/2025,6.1,42033.0
2023,Mar,30/03/2023,5.5,36007.0
2024,Mar,29/03/2024,8.5,50929.0
2025,Mar,30/03/2025,3.3,38063.0
2023,Mar,31/03/2023,5.8,40530.0
2024,Mar,30/03/2024,8.3,45586.0
2025,Mar,31/03/2025,4.6,42823.0
2023,Apr,01/04/2023,6.9,43672.0
2024,Mar,31/03/2024,7.5,45540.0
2025,Apr,01/04/2025,6.3,46594.0
2023,Apr,02/04/2023,8.4,43657.0
2024,Apr,01/04/2024,6.7,46575.0
2025,Apr,02/04/2025,5.6,47973.0
2023,Apr,03/04/2023,7.2,44582.0
2024,Apr,02/04/2024,8.3,49817.0
2025,Apr,03/04/2025,4.9,45041.0
2023,Apr,04/04/2023,6.9,40538.0
2024,Apr,03/04/2024,7.0,48018.0
2025,Apr,04/04/2025,3.3,39464.0
2023,Apr,05/04/2023,4.6,37294.0
2024,Apr,04/04/2024,6.4,45240.0
2025,Apr,05/04/2025,3.7,43577.0
2023,Apr,06/04/2023,6.7,46687.0
2024,Apr,05/04/2024,4.7,39374.0
2025,Apr,06/04/2025,6.0,46239.0
2023,Apr,07/04/2023,7.9,43836.0
2024,Apr,06/04/2024,5.0,42874.0
2025,Apr,07/04/2025,6.2,50649.0
2023,Apr,08/04/2023,6.4,37104.0
2024,Apr,07/04/2024,6.6,46837.0
2025,Apr,08/04/2025,5.6,53077.0
2023,Apr,09/04/2023,5.9,35785.0
2024,Apr,08/04/2024,9.7,57369.0
2025,Apr,09/04/2025,4.8,51609.0
2023,Apr,10/04/2023,7.7,45905.0
2024,Apr,09/04/2024,7.7,53179.0
2025,Apr,10/04/2025,5.0,48548.0
2023,Apr,11/04/2023,9.3,50799.0
2024,Apr,10/04/2024,4.4,39794.0
2025,Apr,11/04/2025,4.2,47098.0
2023,Apr,12/04/2023,10.0,53235.0
2024,Apr,11/04/2024,4.3,40110.0
2025,Apr,12/04/2025,6.9,45550.0
2023,Apr,13/04/2023,9.0,49649.0
2024,Apr,12/04/2024,5.0,39793.0
2025,Apr,13/04/2025,8.3,50275.0
2023,Apr,14/04/2023,7.2,48148.0
2024,Apr,13/04/2024,5.0,46728.0
2025,Apr,14/04/2025,7.3,51165.0
2023,Apr,15/04/2023,7.5,41204.0
2024,Apr,14/04/2024,7.9,48167.0
2025,Apr,15/04/2025,7.9,55451.0
2023,Apr,16/04/2023,4.8,34311.0
2024,Apr,15/04/2024,7.8,55108.0
2025,Apr,16/04/2025,7.7,57311.0
2023,Apr,17/04/2023,5.4,36238.0
2024,Apr,16/04/2024,7.1,53800.0
2025,Apr,17/04/2025,8.1,52901.0
2023,Apr,18/04/2023,5.6,38442.0
2024,Apr,17/04/2024,7.2,52567.0
2025,Apr,18/04/2025,5.8,40606.0
2023,Apr,19/04/2023,6.3,40938.0
2024,Apr,18/04/2024,5.9,50609.0
2025,Apr,19/04/2025,5.3,38915.0
2023,Apr,20/04/2023,6.4,45535.0
2024,Apr,19/04/2024,4.9,45889.0
2025,Apr,20/04/2025,6.6,42055.0
2023,Apr,21/04/2023,7.8,45273.0
2024,Apr,20/04/2024,6.1,50833.0
2025,Apr,21/04/2025,6.2,46825.0
2023,Apr,22/04/2023,7.9,43471.0
2024,Apr,21/04/2024,5.5,50612.0
2025,Apr,22/04/2025,6.4,42813.0
2023,Apr,23/04/2023,6.7,42978.0
2024,Apr,22/04/2024,3.5,46355.0
2025,Apr,23/04/2025,4.7,40064.0
2023,Apr,24/04/2023,8.4,50254.0
2024,Apr,23/04/2024,4.5,47542.0
2025,Apr,24/04/2025,4.9,40177.0
2023,Apr,25/04/2023,8.8,49556.0
2024,Apr,24/04/2024,6.0,53138.0
2025,Apr,25/04/2025,4.3,39850.0
2023,Apr,26/04/2023,7.4,40798.0
2024,Apr,25/04/2024,7.3,49329.0
2025,Apr,26/04/2025,5.1,38178.0
2023,Apr,27/04/2023,5.5,35690.0
2024,Apr,26/04/2024,8.0,56241.0
2025,Apr,27/04/2025,3.4,35494.0
2023,Apr,28/04/2023,3.4,33194.0
2024,Apr,27/04/2024,9.3,55862.0
2025,Apr,28/04/2025,3.6,38112.0
2023,Apr,29/04/2023,4.4,34936.0
2024,Apr,28/04/2024,7.6,49109.0
2025,Apr,29/04/2025,2.7,39684.0
2023,Apr,30/04/2023,2.5,32788.0
2024,Apr,29/04/2024,5.8,45030.0
2025,Apr,30/04/2025,1.6,37453.0
2023,May,01/05/2023,3.9,34422.0
2024,Apr,30/04/2024,7.6,48439.0
2025,May,01/05/2025,1.5,35858.0
2023,May,02/05/2023,5.2,35859.0
2024,May,01/05/2024,7.0,49124.0
2025,May,02/05/2025,3.6,39534.0
2023,May,03/05/2023,3.9,34017.0
2024,May,02/05/2024,7.6,50016.0
2025,May,03/05/2025,4.5,41163.0
2023,May,04/05/2023,5.4,38715.0
2024,May,03/05/2024,5.5,45015.0
2025,May,04/05/2025,5.4,43928.0
2023,May,05/05/2023,3.7,32308.0
2024,May,04/05/2024,5.2,44790.0
2025,May,05/05/2025,6.4,
2023,May,06/05/2023,3.0,16707.0
2024,May,05/05/2024,5.2,42241.0
2025,May,06/05/2025,5.5,
2023,May,07/05/2023,3.7,30065.0
2024,May,06/05/2024,3.1,37211.0
2023,May,08/05/2023,1.9,33882.0
2024,May,07/05/2024,4.4,42159.0
2023,May,09/05/2023,3.6,33782.0
2024,May,08/05/2024,3.9,40173.0
2023,May,10/05/2023,4.3,36026.0
2024,May,09/05/2024,3.2,37773.0
2023,May,11/05/2023,4.0,33905.0
2024,May,10/05/2024,2.4,39506.0
2023,May,12/05/2023,3.0,32523.0
2024,May,11/05/2024,2.1,33688.0
2023,May,13/05/2023,2.6,31148.0
2024,May,12/05/2024,1.8,34152.0
2023,May,14/05/2023,4.4,37475.0
2024,May,13/05/2024,3.8,36967.0
2023,May,15/05/2023,5.4,42095.0
2024,May,14/05/2024,3.9,37742.0
2023,May,16/05/2023,4.9,40766.0
2024,May,15/05/2024,3.1,37419.0
2023,May,17/05/2023,3.5,38538.0
2024,May,16/05/2024,2.3,36279.0
2023,May,18/05/2023,3.7,36308.0
2024,May,17/05/2024,2.0,35634.0
2023,May,19/05/2023,3.3,32153.0
2024,May,18/05/2024,2.5,30126.0
2023,May,20/05/2023,2.2,29917.0
2024,May,19/05/2024,1.8,29875.0
2023,May,21/05/2023,1.5,30325.0
2024,May,20/05/2024,1.2,37542.0
2023,May,22/05/2023,2.1,34678.0
2024,May,21/05/2024,2.2,36073.0
2023,May,23/05/2023,3.6,35503.0
2024,May,22/05/2024,2.5,37005.0
2023,May,24/05/2023,2.8,30963.0
2024,May,23/05/2024,4.8,43862.0
2023,May,25/05/2023,1.3,28884.0
2024,May,24/05/2024,4.9,42072.0
2023,May,26/05/2023,1.4,29901.0
2024,May,25/05/2024,4.9,35531.0
2023,May,27/05/2023,1.6,28100.0
2024,May,26/05/2024,4.3,36162.0
2023,May,28/05/2023,2.5,31661.0
2024,May,27/05/2024,4.5,37363.0
2023,May,29/05/2023,2.8,32971.0
2024,May,28/05/2024,2.2,35586.0
2023,May,30/05/2023,1.8,31961.0
2024,May,29/05/2024,2.7,36295.0
2023,May,31/05/2023,1.7,28639.0
2024,May,30/05/2024,3.5,38243.0
2023,Jun,01/06/2023,2.0,30307.0
2024,May,31/05/2024,2.9,38763.0
2023,Jun,02/06/2023,2.3,29925.0
2024,Jun,01/06/2024,2.7,33856.0
2023,Jun,03/06/2023,2.1,32040.0
2024,Jun,02/06/2024,1.9,32889.0
2023,Jun,04/06/2023,1.8,32148.0
2024,Jun,03/06/2024,1.0,32736.0
2023,Jun,05/06/2023,1.8,29266.0
2024,Jun,04/06/2024,2.7,40864.0
2023,Jun,06/06/2023,2.1,32163.0
2024,Jun,05/06/2024,5.1,45659.0
2023,Jun,07/06/2023,2.7,30538.0
2024,Jun,06/06/2024,4.6,41319.0
2023,Jun,08/06/2023,0.9,28402.0
2024,Jun,07/06/2024,3.0,34778.0
2023,Jun,09/06/2023,0.4,25340.0
2024,Jun,08/06/2024,3.0,40577.0
2023,Jun,10/06/2023,0.3,26650.0
2024,Jun,09/06/2024,3.1,37677.0
2023,Jun,11/06/2023,0.3,27086.0
2024,Jun,10/06/2024,3.1,43784.0
2023,Jun,12/06/2023,0.2,28822.0
2024,Jun,11/06/2024,3.7,45058.0
2023,Jun,13/06/2023,0.1,28324.0
2024,Jun,12/06/2024,3.8,40596.0
2023,Jun,14/06/2023,0.1,28547.0
2024,Jun,13/06/2024,2.2,35306.0
2023,Jun,15/06/2023,0.6,28062.0
2024,Jun,14/06/2024,4.1,39686.0
2023,Jun,16/06/2023,0.2,27734.0
2024,Jun,15/06/2024,3.6,36617.0
2023,Jun,17/06/2023,0.3,18901.0
2024,Jun,16/06/2024,2.5,35894.0
2023,Jun,18/06/2023,0.3,19807.0
2024,Jun,17/06/2024,2.3,35258.0
2023,Jun,19/06/2023,1.0,28073.0
2024,Jun,18/06/2024,2.7,41332.0
2023,Jun,20/06/2023,0.7,29298.0
2024,Jun,19/06/2024,3.6,40519.0
2023,Jun,21/06/2023,0.5,29750.0
2024,Jun,20/06/2024,2.4,33226.0
2023,Jun,22/06/2023,0.4,28982.0
2024,Jun,21/06/2024,2.0,33225.0
2023,Jun,23/06/2023,0.1,26553.0
2024,Jun,22/06/2024,2.1,30621.0
2023,Jun,24/06/2023,0.0,26305.0
2024,Jun,23/06/2024,1.0,29827.0
2023,Jun,25/06/2023,0.5,27349.0
2024,Jun,24/06/2024,0.5,30699.0
2023,Jun,26/06/2023,1.8,29263.0
2024,Jun,25/06/2024,0.2,31016.0
2023,Jun,27/06/2023,0.1,28664.0
2024,Jun,26/06/2024,1.1,32643.0
2023,Jun,28/06/2023,0.5,30120.0
2024,Jun,27/06/2024,2.6,34019.0
2023,Jun,29/06/2023,1.8,29954.0
2024,Jun,28/06/2024,2.7,33951.0
2023,Jun,30/06/2023,0.8,28515.0
2024,Jun,29/06/2024,1.4,31064.0
2023,Jul,01/07/2023,0.9,29244.0
2024,Jun,30/06/2024,3.5,31573.0
2023,Jul,02/07/2023,2.3,31487.0
2024,Jul,01/07/2024,2.3,32740.0
2023,Jul,03/07/2023,2.5,32402.0
2024,Jul,02/07/2024,2.8,35879.0
2023,Jul,04/07/2023,2.5,32467.0
2024,Jul,03/07/2024,1.9,32237.0
2023,Jul,05/07/2023,2.5,32176.0
2024,Jul,04/07/2024,3.9,34115.0
2023,Jul,06/07/2023,1.8,28409.0
2024,Jul,05/07/2024,4.1,34651.0
2023,Jul,07/07/2023,0.0,11484.0
2024,Jul,06/07/2024,3.7,33613.0
2023,Jul,08/07/2023,0.7,0.0
2024,Jul,07/07/2024,3.2,32209.0
2023,Jul,09/07/2023,1.6,0.0
2024,Jul,08/07/2024,3.5,34607.0
2023,Jul,10/07/2023,0.9,11.0
2024,Jul,09/07/2024,2.0,30152.0
2023,Jul,11/07/2023,1.5,0.0
2024,Jul,10/07/2024,1.7,36971.0
2023,Jul,12/07/2023,1.5,0.0
2024,Jul,11/07/2024,2.1,36421.0
2023,Jul,13/07/2023,1.6,117.0
2024,Jul,12/07/2024,2.4,33732.0
2023,Jul,14/07/2023,1.1,0.0
2024,Jul,13/07/2024,1.7,31658.0
2023,Jul,15/07/2023,1.7,0.0
2024,Jul,14/07/2024,1.2,31848.0
2023,Jul,16/07/2023,2.1,0.0
2024,Jul,15/07/2024,1.8,33126.0
2023,Jul,17/07/2023,2.5,0.0
2024,Jul,16/07/2024,0.8,32242.0
2023,Jul,18/07/2023,1.0,468.0
2024,Jul,17/07/2024,1.5,33492.0
2023,Jul,19/07/2023,1.2,1903.0
2024,Jul,18/07/2024,0.7,31554.0
2023,Jul,20/07/2023,2.0,14788.0
2024,Jul,19/07/2024,0.8,13164.0
2023,Jul,21/07/2023,2.0,26148.0
2024,Jul,20/07/2024,1.3,0.0
2023,Jul,22/07/2023,0.5,25627.0
2024,Jul,21/07/2024,1.9,0.0
2023,Jul,23/07/2023,0.5,26163.0
2024,Jul,22/07/2024,0.7,0.0
2023,Jul,24/07/2023,1.4,25987.0
2024,Jul,23/07/2024,1.0,0.0
2023,Jul,25/07/2023,1.8,27999.0
2024,Jul,24/07/2024,1.1,0.0
2023,Jul,26/07/2023,0.8,26846.0
2024,Jul,25/07/2024,0.8,0.0
2023,Jul,27/07/2023,0.4,25681.0
2024,Jul,26/07/2024,2.4,0.0
2023,Jul,28/07/2023,1.4,28084.0
2024,Jul,27/07/2024,1.3,0.0
2023,Jul,29/07/2023,1.7,27160.0
2024,Jul,28/07/2024,1.8,0.0
2023,Jul,30/07/2023,1.3,27795.0
2024,Jul,29/07/2024,1.4,0.0
2023,Jul,31/07/2023,0.7,29809.0
2024,Jul,30/07/2024,0.6,0.0
2023,Aug,01/08/2023,1.5,28538.0
2024,Jul,31/07/2024,0.8,2804.0
2023,Aug,02/08/2023,0.8,28623.0
2024,Aug,01/08/2024,0.1,18117.0
2023,Aug,03/08/2023,1.0,29992.0
2024,Aug,02/08/2024,0.3,11695.0
2023,Aug,04/08/2023,2.4,30476.0
2024,Aug,03/08/2024,2.2,18802.0
2023,Aug,05/08/2023,1.2,28610.0
2024,Aug,04/08/2024,0.8,20773.0
2023,Aug,06/08/2023,1.5,28580.0
2024,Aug,05/08/2024,0.5,24040.0
2023,Aug,07/08/2023,2.5,29315.0
2024,Aug,06/08/2024,1.9,30786.0
2023,Aug,08/08/2023,0.4,29524.0
2024,Aug,07/08/2024,1.3,31023.0
2023,Aug,09/08/2023,0.1,27516.0
2024,Aug,08/08/2024,0.2,31080.0
2023,Aug,10/08/2023,0.3,28098.0
2024,Aug,09/08/2024,0.9,30916.0
2023,Aug,11/08/2023,0.3,27914.0
2024,Aug,10/08/2024,0.5,27600.0
2023,Aug,12/08/2023,0.7,27263.0
2024,Aug,11/08/2024,0.5,25318.0
2023,Aug,13/08/2023,1.5,28297.0
2024,Aug,12/08/2024,0.4,33373.0
2023,Aug,14/08/2023,1.2,31980.0
2024,Aug,13/08/2024,0.4,36089.0
2023,Aug,15/08/2023,1.1,32202.0
2024,Aug,14/08/2024,1.6,32406.0
2023,Aug,16/08/2023,1.2,32103.0
2024,Aug,15/08/2024,0.5,35301.0
2023,Aug,17/08/2023,1.0,31998.0
2024,Aug,16/08/2024,1.9,36435.0
2023,Aug,18/08/2023,0.3,31212.0
2024,Aug,17/08/2024,1.9,32257.0
2023,Aug,19/08/2023,0.2,30243.0
2024,Aug,18/08/2024,2.2,31029.0
2023,Aug,20/08/2023,0.3,29591.0
2024,Aug,19/08/2024,0.8,32207.0
2023,Aug,21/08/2023,0.2,31509.0
2024,Aug,20/08/2024,2.4,36446.0
2023,Aug,22/08/2023,0.6,31726.0
2024,Aug,21/08/2024,2.0,33493.0
2023,Aug,23/08/2023,0.7,33305.0
2024,Aug,22/08/2024,1.2,33285.0
2023,Aug,24/08/2023,1.7,33455.0
2024,Aug,23/08/2024,2.4,34751.0
2023,Aug,25/08/2023,1.7,33513.0
2024,Aug,24/08/2024,3.7,35687.0
2023,Aug,26/08/2023,1.6,30255.0
2024,Aug,25/08/2024,2.4,30787.0
2023,Aug,27/08/2023,1.6,30802.0
2024,Aug,26/08/2024,1.7,32787.0
2023,Aug,28/08/2023,1.5,32105.0
2024,Aug,27/08/2024,0.4,30838.0
2023,Aug,29/08/2023,1.6,32196.0
2024,Aug,28/08/2024,1.3,29148.0
2023,Aug,30/08/2023,2.4,33938.0
2024,Aug,29/08/2024,2.2,34624.0
2023,Aug,31/08/2023,0.8,32271.0
2024,Aug,30/08/2024,2.3,34498.0
2023,Sep,01/09/2023,1.5,31318.0
2024,Aug,31/08/2024,2.1,32576.0
2023,Sep,02/09/2023,1.3,30653.0
2024,Sep,01/09/2024,0.5,31839.0
2023,Sep,03/09/2023,1.3,31265.0
2024,Sep,02/09/2024,1.7,36940.0
2023,Sep,04/09/2023,0.8,30260.0
2024,Sep,03/09/2024,2.1,34934.0
2023,Sep,05/09/2023,0.0,30183.0
2024,Sep,04/09/2024,3.3,38058.0
2023,Sep,06/09/2023,0.0,30594.0
2024,Sep,05/09/2024,2.7,34326.0
2023,Sep,07/09/2023,0.0,29673.0
2024,Sep,06/09/2024,0.1,32252.0
2023,Sep,08/09/2023,0.0,29246.0
2024,Sep,07/09/2024,0.4,29340.0
2023,Sep,09/09/2023,0.0,28396.0
2024,Sep,08/09/2024,1.0,31927.0
2023,Sep,10/09/2023,0.0,28506.0
2024,Sep,09/09/2024,2.4,36489.0
2023,Sep,11/09/2023,0.3,32107.0
2024,Sep,10/09/2024,2.5,38573.0
2023,Sep,12/09/2023,2.5,37569.0
2024,Sep,11/09/2024,4.6,43382.0
2023,Sep,13/09/2023,2.4,35552.0
2024,Sep,12/09/2024,5.2,45611.0
2023,Sep,14/09/2023,2.3,34212.0
2024,Sep,13/09/2024,4.7,41021.0
2023,Sep,15/09/2023,4.9,37375.0
2024,Sep,14/09/2024,1.5,31512.0
2023,Sep,16/09/2023,4.1,33878.0
2024,Sep,15/09/2024,1.1,31674.0
2023,Sep,17/09/2023,1.5,31806.0
2024,Sep,16/09/2024,1.9,34370.0
2023,Sep,18/09/2023,2.6,35131.0
2024,Sep,17/09/2024,1.4,35264.0
2023,Sep,19/09/2023,0.4,30926.0
2024,Sep,18/09/2024,2.1,36011.0
2023,Sep,20/09/2023,2.6,36950.0
2024,Sep,19/09/2024,1.7,33707.0
2023,Sep,21/09/2023,5.2,40864.0
2024,Sep,20/09/2024,1.6,32281.0
2023,Sep,22/09/2023,4.8,42141.0
2024,Sep,21/09/2024,1.8,31059.0
2023,Sep,23/09/2023,4.0,35693.0
2024,Sep,22/09/2024,1.4,31091.0
2023,Sep,24/09/2023,0.6,31455.0
2024,Sep,23/09/2024,2.6,35032.0
2023,Sep,25/09/2023,1.1,34398.0
2024,Sep,24/09/2024,3.6,35829.0
2023,Sep,26/09/2023,2.1,35261.0
2024,Sep,25/09/2024,5.1,37849.0
2023,Sep,27/09/2023,1.2,36198.0
2024,Sep,26/09/2024,6.5,41796.0
2023,Sep,28/09/2023,3.2,38056.0
2024,Sep,27/09/2024,6.2,47256.0
2023,Sep,29/09/2023,3.6,37025.0
2024,Sep,28/09/2024,5.7,42498.0
2023,Sep,30/09/2023,1.9,29677.0
2024,Sep,29/09/2024,3.4,35122.0
2023,Oct,01/10/2023,1.6,30819.0
2024,Sep,30/09/2024,3.6,40227.0
2023,Oct,02/10/2023,3.9,38140.0
2024,Oct,01/10/2024,4.5,42348.0
2023,Oct,03/10/2023,3.7,37212.0
2024,Oct,02/10/2024,4.4,38992.0
2023,Oct,04/10/2023,2.5,34446.0
2024,Oct,03/10/2024,2.7,36194.0
2023,Oct,05/10/2023,1.3,34192.0
2024,Oct,04/10/2024,1.9,32571.0
2023,Oct,06/10/2023,0.4,33140.0
2024,Oct,05/10/2024,2.0,33375.0
2023,Oct,07/10/2023,1.1,31368.0
2024,Oct,06/10/2024,2.8,33823.0
2023,Oct,08/10/2023,1.3,31670.0
2024,Oct,07/10/2024,2.1,35300.0
2023,Oct,09/10/2023,2.5,36950.0
2024,Oct,08/10/2024,3.4,37123.0
2023,Oct,10/10/2023,1.9,33870.0
2024,Oct,09/10/2024,4.6,40789.0
2023,Oct,11/10/2023,2.0,38171.0
2024,Oct,10/10/2024,8.3,53474.0
2023,Oct,12/10/2023,4.6,38549.0
2024,Oct,11/10/2024,9.0,56725.0
2023,Oct,13/10/2023,4.5,43370.0
2024,Oct,12/10/2024,7.6,56160.0
2023,Oct,14/10/2023,7.4,47359.0
2024,Oct,13/10/2024,6.8,47157.0
2023,Oct,15/10/2023,9.0,47439.0
2024,Oct,14/10/2024,5.0,39946.0
2023,Oct,16/10/2023,5.2,44647.0
2024,Oct,15/10/2024,2.5,34715.0
2023,Oct,17/10/2023,4.5,42339.0
2024,Oct,16/10/2024,1.6,34568.0
2023,Oct,18/10/2023,2.9,13221.0
2024,Oct,17/10/2024,3.5,36025.0
2023,Oct,19/10/2023,2.2,0.0
2024,Oct,18/10/2024,3.1,36671.0
2023,Oct,20/10/2023,3.4,0.0
2024,Oct,19/10/2024,4.8,36439.0
2023,Oct,21/10/2023,6.4,491.0
2024,Oct,20/10/2024,3.3,34352.0
2023,Oct,22/10/2023,5.4,0.0
2024,Oct,21/10/2024,4.8,39263.0
2023,Oct,23/10/2023,5.1,3587.0
2024,Oct,22/10/2024,4.4,40957.0
2023,Oct,24/10/2023,6.9,5663.0
2024,Oct,23/10/2024,4.4,37708.0
2023,Oct,25/10/2023,6.9,6666.0
2024,Oct,24/10/2024,2.3,35360.0
2023,Oct,26/10/2023,5.0,9618.0
2024,Oct,25/10/2024,3.8,39328.0
2023,Oct,27/10/2023,6.1,24706.0
2024,Oct,26/10/2024,4.5,51411.0
2023,Oct,28/10/2023,5.6,39293.0
2024,Oct,27/10/2024,5.9,36766.0
2023,Oct,29/10/2023,7.4,35435.0
2024,Oct,28/10/2024,2.5,33776.0
2023,Oct,30/10/2023,5.7,33754.0
2024,Oct,29/10/2024,4.3,38943.0
2023,Oct,31/10/2023,5.3,32793.0
2024,Oct,30/10/2024,4.5,39317.0
2023,Nov,01/11/2023,6.7,35902.0
2024,Oct,31/10/2024,4.1,38131.0
2023,Nov,02/11/2023,7.6,38175.0
2024,Nov,01/11/2024,3.7,37993.0
2023,Nov,03/11/2023,7.0,37298.0
2024,Nov,02/11/2024,4.6,36491.0
2023,Nov,04/11/2023,7.3,6780.0
2024,Nov,03/11/2024,4.1,35919.0
2023,Nov,05/11/2023,7.3,31691.0
2024,Nov,04/11/2024,4.3,37586.0
2023,Nov,06/11/2023,8.1,40938.0
2024,Nov,05/11/2024,3.0,35311.0
2023,Nov,07/11/2023,7.3,36251.0
2024,Nov,06/11/2024,1.5,35690.0
2023,Nov,08/11/2023,7.9,40906.0
2024,Nov,07/11/2024,3.3,36740.0
2023,Nov,09/11/2023,9.2,41923.0
2024,Nov,08/11/2024,4.4,37293.0
2023,Nov,10/11/2023,7.0,45716.0
2024,Nov,09/11/2024,3.2,34609.0
2023,Nov,11/11/2023,8.5,46486.0
2024,Nov,10/11/2024,2.7,40270.0
2023,Nov,12/11/2023,4.9,36728.0
2024,Nov,11/11/2024,6.1,48425.0
2023,Nov,13/11/2023,4.4,37942.0
2024,Nov,12/11/2024,7.9,51063.0
2023,Nov,14/11/2023,5.6,41067.0
2024,Nov,13/11/2024,9.4,51358.0
2023,Nov,15/11/2023,8.2,48323.0
2024,Nov,14/11/2024,4.7,43270.0
2023,Nov,16/11/2023,7.9,51494.0
2024,Nov,15/11/2024,4.9,40663.0
2023,Nov,17/11/2023,7.1,46636.0
2024,Nov,16/11/2024,6.5,42684.0
2023,Nov,18/11/2023,3.2,30606.0
2024,Nov,17/11/2024,6.5,40360.0
2023,Nov,19/11/2023,5.0,31766.0
2024,Nov,18/11/2024,5.0,39111.0
2023,Nov,20/11/2023,5.5,40937.0
2024,Nov,19/11/2024,9.4,57130.0
2023,Nov,21/11/2023,7.4,45483.0
2024,Nov,20/11/2024,13.0,64195.0
2023,Nov,22/11/2023,5.8,41139.0
2024,Nov,21/11/2024,14.1,67198.0
2023,Nov,23/11/2023,4.9,39229.0
2024,Nov,22/11/2024,13.0,58547.0
2023,Nov,24/11/2023,6.7,45734.0
2024,Nov,23/11/2024,3.3,34999.0
2023,Nov,25/11/2023,7.9,44143.0
2024,Nov,24/11/2024,6.8,45015.0
2023,Nov,26/11/2023,5.8,38933.0
2024,Nov,25/11/2024,10.2,56112.0
2023,Nov,27/11/2023,8.2,49570.0
2024,Nov,26/11/2024,10.9,62157.0
2023,Nov,28/11/2023,11.1,55145.0
2024,Nov,27/11/2024,11.5,58639.0
2023,Nov,29/11/2023,11.3,55029.0
2024,Nov,28/11/2024,5.6,41180.0
2023,Nov,30/11/2023,13.6,58366.0
2024,Nov,29/11/2024,3.4,37308.0
2023,Dec,01/12/2023,14.2,61353.0
2024,Nov,30/11/2024,3.1,34695.0
2023,Dec,02/12/2023,12.1,57987.0
2024,Dec,01/12/2024,5.3,42402.0
2023,Dec,03/12/2023,12.0,53717.0
2024,Dec,02/12/2024,9.6,57065.0
2023,Dec,04/12/2023,12.8,58371.0
2024,Dec,03/12/2024,8.3,49914.0
2023,Dec,05/12/2023,12.4,55679.0
2024,Dec,04/12/2024,5.7,40721.0
2023,Dec,06/12/2023,6.6,43781.0
2024,Dec,05/12/2024,5.2,44387.0
2023,Dec,07/12/2023,6.0,43904.0
2024,Dec,06/12/2024,7.1,46667.0
2023,Dec,08/12/2023,7.2,54866.0
2024,Dec,07/12/2024,9.1,55073.0
2023,Dec,09/12/2023,6.1,59354.0
2024,Dec,08/12/2024,10.4,55223.0
2023,Dec,10/12/2023,6.1,58845.0
2024,Dec,09/12/2024,12.1,58807.0
2023,Dec,11/12/2023,7.1,48208.0
2024,Dec,10/12/2024,11.3,59613.0
2023,Dec,12/12/2023,7.7,45957.0
2024,Dec,11/12/2024,11.3,60308.0
2023,Dec,13/12/2023,8.2,47635.0
2024,Dec,12/12/2024,10.7,55279.0
2023,Dec,14/12/2023,7.1,48899.0
2024,Dec,13/12/2024,9.9,52563.0
2023,Dec,15/12/2023,6.9,45258.0
2024,Dec,14/12/2024,9.0,35780.0
2023,Dec,16/12/2023,6.0,41576.0
2024,Dec,15/12/2024,6.0,38691.0
2023,Dec,17/12/2023,5.1,40218.0
2024,Dec,16/12/2024,6.0,39410.0
2023,Dec,18/12/2023,4.0,41602.0
2024,Dec,17/12/2024,4.5,35754.0
2023,Dec,19/12/2023,7.9,50718.0
2024,Dec,18/12/2024,6.9,47167.0
2023,Dec,20/12/2023,5.7,44028.0
2024,Dec,19/12/2024,10.7,56090.0
2023,Dec,21/12/2023,4.6,43250.0
2024,Dec,20/12/2024,8.8,46544.0
2023,Dec,22/12/2023,6.1,45408.0
2024,Dec,21/12/2024,6.6,44907.0
2023,Dec,23/12/2023,5.4,41806.0
2024,Dec,22/12/2024,10.4,50934.0
2023,Dec,24/12/2023,3.8,39959.0
2024,Dec,23/12/2024,6.4,33966.0
2023,Dec,25/12/2023,7.2,47899.0
2024,Dec,24/12/2024,5.2,28396.0
2023,Dec,26/12/2023,9.0,51662.0
2024,Dec,25/12/2024,5.9,29489.0
2023,Dec,27/12/2023,6.7,48887.0
2024,Dec,26/12/2024,6.4,30287.0
2023,Dec,28/12/2023,7.7,51888.0
2024,Dec,27/12/2024,7.2,30329.0
2023,Dec,29/12/2023,10.4,55023.0
2024,Dec,28/12/2024,8.2,15290.0
2023,Dec,30/12/2023,7.5,49706.0
2024,Dec,29/12/2024,7.5,38667.0
2023,Dec,31/12/2023,9.4,53323.0
2024,Dec,30/12/2024,6.9,35372.0
2024,Dec,31/12/2024,5.5,34729.0
